<?xml version="1.0" encoding="UTF-8"?>
<!DOCTYPE suite SYSTEM "http://testng.org/testng-1.0.dtd" >
<suite name="Test Suite" parallel="methods" thread-count="2"
	verbose="1">
	<listeners>
		<listener class-name="walkexBase.TestListener" />
	</listeners>
	<parameter name="browserType" value="firefox" />
	<parameter name="appURL"
		value="http://walkexlamp.osiztechnologies.in/" />

	<test name="Admin Tests">
		<classes>
			<!-- <class name="walkexlampTest.BasePageTest" />

			<class name="walkexlampTest.SignInPageTest" /> -->
			<class name="walkexlampTest.CreateAccountTest" />
		</classes>
	</test>
</suite>