<?xml version="1.0" encoding="UTF-8"?>
<!DOCTYPE suite SYSTEM "https://testng.org/testng-1.0.dtd">
<suite name="Login Testing Suite" parallel="none" thread-count="3">
	<listeners>
		<listener class-name="walkexBase.TestListener" />
	</listeners>
	<test name="Regression 1" preserve-order="true">
		<classes>
			<class name="excel.CommonImageCompareReportCheck" />
		</classes>
	</test>

	<test name="Myntra">
		<classes>
			<class name="excel.CommonImageCompareReportCheck" />
		</classes>
	</test> <!-- Test -->
</suite> <!-- Test Suite -->
