<?xml version="1.0" encoding="UTF-8"?>
<!DOCTYPE suite SYSTEM "https://testng.org/testng-1.0.dtd">
<suite name="Login Testing Suite" parallel="none" thread-count="3">
	<listeners>
		<listener class-name="walkexBase.TestListener" />
	</listeners>
	<test name="Regression 1" preserve-order="true">
		<classes>
			<class name="trade.BrowserLaunch" />
			<class name="trade.Login" />
			<class name="trade.Trade" />
			<class name="com.limt.trade.LimitBuyOrder" />
			<class name="com.limt.trade.VerfiyBuyLimitTrade" />
			<class name="com.limt.trade.CancelTrade" />

		</classes>
	</test> <!-- Test -->
</suite> <!-- Test Suite -->
 